userid,pazienti,prescrizioni
^F0?2KE,4466,46124
W8QYVHQ,2022,42637
5XNKY19,1816,35790
PSJ8RQ5,2028,34981
YPDWYUX,1874,34487
"^J8M],H",3260,34280
XXTWDZR,2160,31997
BFYRS4W,1939,31878
^E@1N]G,3785,31358
DQDESMV,2205,30964
79HKWWM,2321,30952
^??S5<3,2039,30909
N4YP4ZR,1832,30749
A948SRF,1775,30319
664SS4W,1934,30168
MFFP4UX,2900,30067
W9M8W7B,2480,29900
4XF5SWM,1850,29853
FWPE44W,2103,29707
7PHCQBC,2225,29282
2KGQVFM,1804,29076
KYR6UA2,1946,28944
WNDUR9E,2400,28664
RCQTQFM,1924,28518
CNNP53Q,1816,28293
WGJ8QMV,2018,28227
EFGYVA2,2044,27816
AEJQ9WM,2155,27742
AYK7R84,2011,27399
0000009,3743,27342
GCCFRC5,1814,27254
RRJWTRF,2289,27151
5WWC4WM,1661,27101
HF9TVMV,1893,27033
MJQYDC5,1655,26679
NYGNWNA,2240,26443
MMTFR4W,2095,26441
PSQJR9E,1905,26377
BYMMS5U,1893,26335
3K4XWA2,1607,26321
AJ4Y89E,1994,26284
8QUPYDF,1810,26139
KQ58RS8,1900,26114
AYUHET9,2393,25994
Q3RWDMV,2558,25861
A=5ESK+,4637,25582
F7PUD4W,1729,25509
9FPYSS8,2555,25410
PPXCRGJ,1981,25391
GJQWQ61,1951,25380
85PYSE8,1471,25075
YWN54DF,2188,24930
KKYJRFM,1846,24717
KMNYTNA,1726,24602
RSRXS2J,3577,24580
GWDUTFM,2157,24521
HDNYS4W,1853,24200
H495TVJ,4083,24065
6T84WGJ,1962,23987
ECYY5HQ,1584,23957
HSTQWQ5,1839,23878
6KDKT3Q,1823,23755
AYD6X7B,2208,23640
KN5EQ3Q,1878,23546
CSNQTE8,1719,23540
AWCQHJV,1787,23537
XF7ER7B,2458,23421
PDUQSGJ,1416,23414
A7WX4S8,1824,23237
WY95WPC,1852,23170
DQ8HQ4W,1543,23145
BBP9TA2,1689,23134
FNYKYMV,2135,23024
8YYPSGJ,1784,22969
298DWVJ,1933,22914
JFWDTZR,1948,22872
C49URQ5,1876,22845
YKEESA2,1636,22770
N3KCW4W,1852,22612
D3NHRZR,1637,22584
^F]E!}H,2933,22461
JKMWVHQ,2334,22456
9B7K4MV,1600,22422
D5RRUX6,2148,22369
GJP4Q4W,1874,22355
AXQ9M9E,2090,22341
57RKY2J,1582,22232
Q99TW84,1572,21961
7NRCUHQ,1838,21945
WNMWST9,1914,21938
AT4HJS8,1583,21766
PYPU42J,1944,21708
MPRCUDF,1307,21695
FSX9RT9,1861,21671
BKYTT84,1687,21298
2PWEWPC,2043,21287
YQQ8Y7B,1814,21129
Q3QWQUX,1772,20907
WRKYW3Q,2366,20819
DRQTRGJ,2071,20799
SGFYRFM,1135,20746
9H34TT9,2033,20590
4FSYRYM,1463,20563
AMF9JQ5,1874,20440
¶SJ/9KS,1669,20389
AFGKDUX,1830,20168
DJ4WTGJ,2283,20151
**[7$?M,2603,20065
5KGTRGJ,1887,20052
QSYKRWM,1282,20049
MYQGR9E,1595,20035
6QY4T5U,1973,19924
N3N4DDF,1436,19912
^*?A_W9,1785,19907
A7PWZRF,1433,19849
PYHSWS8,1692,19800
MQ7RSWM,1915,19694
9PRPQT9,1655,19614
S9WDY1M,1591,19533
QSSPY1M,1760,19511
¶E.0M¶T,2117,19383
85QRSBC,1554,19374
QR8VS3Q,1792,19305
JWSPVWM,1324,19083
A=B7HB$,1740,19019
2JRQSX6,2145,19012
69R5SE8,1525,18924
A=X}<^@,3274,18911
AQE4VA2,1669,18646
MJSUYYM,1830,18605
AB7R5A2,1763,18522
^)NN|ZD,1807,18493
R9YXVX6,1598,18346
NKC7DQ5,2336,18326
2GXFQ5U,1500,18305
QFRNTFM,1465,18294
QGRRUMV,1645,18140
83Q9S5U,1773,18112
S4QURZR,2052,18103
KJ9QSX6,2598,18090
Y88VWKA,2272,18035
8RDHQDF,1609,18012
QCPPUE8,1683,17921
29EMQ84,1680,17920
B98TUT9,1793,17874
SKJ8RX6,2307,17820
XTSPU3Q,1551,17739
RJNKU61,1302,17686
WDRG45U,1751,17676
7PWW4E8,1726,17670
G3T8D61,1155,17641
DSJYR7B,1765,17625
N6SRUVJ,1676,17453
EXRPVPC,1918,17356
AQYTHDF,2554,17308
¶BL7-©F,1565,17302
Y8XHTC5,1697,17225
¶+©0I]I,1661,17186
QN79TBC,1238,17151
A=IL:F.,3269,17087
CD9SQ3Q,1306,17047
HMRC4VJ,1964,16991
YHQSDE8,1322,16984
P5XY5FM,1426,16929
XEWFUHQ,1802,16841
KB7YWJV,1677,16774
WRSYVFM,1867,16689
RJW8U1M,1792,16683
HHTMU4W,1967,16676
Q8DWTYM,1831,16605
XHKCWC5,1781,16586
4WTPQ1M,1587,16580
ARRPXGJ,1848,16560
A=7©Q+P,2596,16510
XTGER61,1827,16429
PNYNRQ5,1479,16353
DYQWRQ5,1710,16337
WQRHSPC,1755,16317
HFHSST9,1798,16217
QJUKTHQ,1872,16191
CQWUVKA,1419,16171
GRKWVMV,2073,16152
AP7TN61,1811,16127
MW55WC5,1732,16113
¶GFN>90,1634,16084
ADQRPYM,2863,16076
NW7XQC5,1793,16031
"^©B©^,3",1624,16027
QYHJVX6,2659,15985
K84SWA2,2496,15976
¶2O|X68,1971,15904
DJWGQUX,1832,15866
A=YT)Q;,1301,15838
JGPPU4W,1685,15823
56YMDPC,1677,15794
XP7PQ1M,1849,15793
^O8-36V,1731,15771
7G3YD84,1282,15748
*</¶V_4,4394,15741
JKWP5MV,2071,15728
NKMWRHQ,1826,15684
¶BL2].F,1387,15656
WRSVDKA,1446,15556
^>¶GA+9,1590,15552
STP6RZR,1542,15492
^<=X8*D,1667,15432
ASRKXE8,1913,15395
433CVNA,1864,15389
AR9QPGJ,1514,15327
CMUCRWM,1701,15201
A¶!;</;,2704,15191
^+Y!PO7,1628,15116
7GTUSWM,1304,15107
AS7UYRF,1028,15043
PC6SUMV,1706,15032
7FTSSQ5,1708,15019
2PEUYPC,2274,14941
HPTKU7B,1718,14926
5M49Q1M,1573,14840
Q45HYS8,1388,14830
^E:T/RO,1617,14802
3KSRUYM,1616,14778
57RFVWM,1884,14756
88YM461,1505,14739
BNMNRUX,1537,14730
¶[G)/M2,1682,14671
Q6XKQS8,1388,14667
N5XQRVJ,1602,14658
SGQYWS8,1889,14598
3QCDSVJ,1247,14528
DFGQ4KA,1470,14519
2NWHWKA,1593,14437
^4:-E*6,1628,14382
EP9HV7B,1140,14329
RMSGTGJ,1737,14256
J78JQJV,1669,14224
¶Z$7UOD,1543,14192
3JFUT7B,1689,14187
WQESQXE,2343,14126
FKQMQ1M,1310,14109
YY68TJV,1534,14048
KKPFSZR,1364,14045
2BEWYE8,1666,14044
KKT4R9E,1676,14021
RPKFDQ5,1348,14009
9YUPVGJ,1299,14008
RW7SU5U,1614,13867
*:+R4>S,1791,13780
93QCTJV,1658,13741
BQRFQT9,2337,13727
2PQY41M,1604,13666
9JJRDBC,1185,13665
NNPGQ3Q,1308,13662
SSPSW1M,1688,13645
A4FRW3Q,1784,13577
YS7R4E8,1575,13549
AX8KQGJ,1309,13477
34Y6DWM,1529,13432
AJGQJGJ,1482,13428
WSEUD5U,1559,13425
NPJTYPC,1636,13386
6NS9SBC,1217,13381
RK98UBC,1460,13270
7DJVS84,1258,13232
^<F(.:Z,1452,13206
9Y3U484,1244,13173
R3XKD7B,2426,13090
8JY4TBC,1562,13054
9NGFSDF,1307,13052
"A=466T,",1475,13045
AHPPY2J,1324,12998
PWWUDQ5,1751,12957
3PS641M,1210,12915
NMTJRFM,1137,12913
RNQY4VJ,1645,12781
ESF5W61,1672,12778
KYSMURF,1270,12765
RCY9WVJ,1803,12728
RQWCDA2,1867,12705
576RR4W,1707,12687
¶6AMZM7,1346,12624
77G8S1M,1726,12620
AB9P7BC,1984,12610
A=R8?ZE,2881,12600
¶0:{1!3,1434,12583
3PPSUS8,1070,12553
HCC5QP3,1732,12549
9NMJSMV,1578,12519
Q8DPVNA,930,12491
^UIQ1CL,1559,12468
^6T.E8T,1335,12432
QSTYY61,1511,12399
9TKPQRF,1516,12297
APFJRNA,1691,12291
SN8GWQ5,1646,12290
A=X}<.R,2627,12267
DMTFTZR,1181,12262
5P6543Q,1649,12156
"*,?61<E",1579,12123
GNMR5E8,1886,12093
A=0M:*T,1575,12029
GQEST3Q,1703,12022
AJJUSUX,1582,12008
GKYMQE8,1117,11990
ANEQVS8,1783,11873
A=M?DGN,1360,11820
MRUYTA2,1804,11791
43HQQMV,1550,11743
AQKRRA2,1586,11704
ACWYERF,1233,11702
^RL8&(4,1533,11680
A=<IM4^,1410,11654
9XXUYQ5,1792,11634
8F6NUQ5,1663,11606
JJR74MV,1537,11569
RJJNV61,1627,11531
"A=}RO,2",1790,11501
5KCYYPC,1190,11468
^$:QG53,1434,11466
ARJEJ7B,1650,11435
BP7QT84,1573,11372
WMF7DC5,1807,11340
QJEG4S8,1975,11338
M4KMYX6,1571,11304
^E{ABPP,1459,11300
N7KUVS8,1422,11276
4GDQV4W,887,11184
JT76W2J,1418,11155
^FGZ]=0,1409,11147
DSQKDQ5,817,11134
JN3KWGJ,1654,11101
AHWURDF,1425,11066
84YJS2J,1227,11044
RJXPRKA,1274,11009
X53K4ZR,2076,10956
YJPSVT9,1197,10943
8TY6YJV,1294,10865
¶WX5PC4,1397,10798
A2HSV3Q,981,10768
A3PWRGJ,1576,10760
YWHE4MV,1337,10685
A=>|-<=,1388,10569
KS6WQT9,1527,10564
WDDWUFM,1171,10560
KK5KQDF,1832,10522
BCNYWBC,1431,10450
7PTPSVJ,1841,10446
¶0:4©VR,1349,10445
JEJTQVJ,1322,10378
^J}*?ID,1617,10343
WFQJQE8,1667,10340
YJWMRRF,1503,10329
DBPYVC5,1635,10288
WX8FU2J,1309,10243
¶R}S|$R,1306,10208
A29SYYM,959,10199
KWPVYA2,1447,10193
A=0;7©3,2918,10140
¶L08S;Z,1357,10136
A=ZRVR_,1340,10126
A=6+612,1654,10116
^__TAKE,1501,10110
A=SKL{?,1574,10052
RDX9UT9,1808,10050
BJKPSWM,1308,10036
¶{*M=^0,2528,10006
A:4Y|N{,2735,9904
8DJV49E,1356,9901
^[&D6B2,740,9853
CXTWYZR,1616,9849
^O)-+|H,2074,9825
KECYRVJ,1506,9822
^¶O9)JQ,1844,9818
RRSWUBC,1628,9817
MJFQUBC,1446,9801
PPD4DT9,709,9785
A=#HMU{,1306,9760
RRFHUDF,1310,9731
QSPPURF,942,9721
AQK7QC5,1562,9678
A=;P2AP,1290,9671
A=)$[6J,1389,9581
KCQYSFM,1165,9574
^^M?-E1,1409,9570
AHJFU84,847,9558
ASMRW61,884,9492
X446R5U,1500,9443
A=¶E1F+,1361,9339
^&&FDFU,1178,9300
¶MZ#.?D,1512,9286
7BTSUPC,956,9219
AFJ7SS8,1287,9216
¶2W(.@V,1069,9207
XQPRU1M,1555,9205
3SN6YBC,1606,9139
D5RE43Q,1417,9125
A2PST61,1561,9057
QBXPQ7B,1652,9051
JSGGU1M,1289,9045
A¶=|)&¶,1526,8977
ATPWWNA,1309,8959
CMQQSC5,1407,8896
4SWCQX6,871,8849
¶01V.9Z,1419,8831
^OV?©FV,1338,8799
^B©A<_Q,906,8793
JYJUD4W,1402,8786
^E>;}J0,1016,8760
^PN**66,1417,8757
67UUDS8,1467,8741
^F]*_<2,1347,8727
KHT9UPC,1469,8676
P8WR4C5,1429,8662
A:|8P_A,1282,8660
^G2U9-4,1116,8657
A=3|?OR,1662,8641
AWKCNJV,1396,8625
^QM>MQ9,1150,8602
RN5TVZR,1456,8599
HXYTQVJ,990,8522
YJQ7Y3Q,1156,8473
A=.X^L7,1499,8433
A=M?D5F,1278,8430
R7QWDPC,1521,8403
KEMCVKA,873,8354
HG4TQ5U,1148,8329
EBQW4BC,920,8299
67MHYS8,1394,8293
A:{}_2N,1761,8284
KM9PRNA,1356,8218
3YUTY84,1065,8190
¶(.&0)I,1336,8174
^+!MEV3,1376,8157
ABNEWGJ,1415,8133
¶6X(_2M,1445,8132
A¶;PS*Z,1302,8022
^38BZLB,1168,8010
¶R[B=B4,1431,8009
KYYUWE8,1247,8001
^60(;DP,1424,7924
"A=^,-08",1287,7921
YEKTDA2,1244,7911
^¶YZ©M9,1228,7857
WSYYQGJ,805,7846
*=>NA^0,1431,7783
A=P:@/.,1651,7704
7S6KQT9,748,7689
GB8FSWM,1257,7617
CSKCURF,1117,7610
A=N[¶@©,1188,7580
4EP9D4W,1342,7564
RS7KY1M,1414,7561
¶NZZA#G,1378,7517
¶2B$[|8,1127,7486
^].(F44,1332,7447
2QRUQS8,1424,7295
"*,7+!K8",1094,7208
6W7Y4MV,1507,7131
N7RHDBC,736,7121
6QPYQA2,1686,7058
YWHMYVJ,1566,7022
C9UDW7B,1261,6982
^F0I;X4,1067,6856
BNWCUZR,1318,6845
¶A*4}RH,1326,6820
GE8JYDF,1204,6788
A=©T1!+,1179,6755
"A¶,<[/.",1880,6676
4PYUSC5,1300,6662
¶YR5)-2,1048,6639
A:2^;}H,789,6632
WQDF44W,1526,6621
"A=UO6,D",1054,6556
ARCFVX6,1154,6547
RJX4WZR,1224,6540
YJ3RTT9,958,6532
XQJNDC5,756,6522
9WKUYE8,1060,6499
A:J<Y9R,1185,6495
WYWFVBC,1308,6494
"A:E,KYO",1284,6458
AR4PTFM,1178,6453
A:Z{<+?,1130,6430
AS5UR9E,964,6414
"A=7?©J,",1248,6404
A2UVZYM,927,6334
A3HW761,1046,6332
WPGXTWM,1820,6287
A=+>N$9,1487,6274
EKXNQDF,876,6259
ECQMUS8,1091,6247
NF4VVJV,1261,6245
^-]<0.N,1077,6166
GD8G4VJ,1210,6164
A=0V$&?,1192,6163
A:6A)7.,1174,6146
WHFKWDF,1500,6071
PF4TD2J,1512,6030
GWCCD5U,651,6029
HB8GRS8,1385,6021
JGYFYE8,900,6009
^I]<:;O,1212,6003
*{1-8[C,579,6001
RXXNDJV,1575,5999
¶=ENPR3,982,5995
A=?D{1O,1007,5966
4WE9DGJ,1033,5878
¶FQ3!<A,1037,5859
Q4G6SPC,782,5838
WXGKYWM,1036,5834
*+UM1HV,1123,5810
A=:IQ@O,968,5801
X5R7WGJ,747,5728
"A=)5,F9",713,5716
AEGM69E,1380,5704
XY95SX6,1169,5693
A=R8[)O,958,5684
A:33H7=,994,5674
638RVE8,1169,5664
A:XY(=O,1112,5563
CQWXSKA,1372,5532
A.;T}+3,449,5500
XKYX45U,680,5495
PPWJDC5,1097,5466
QGGQSBC,1319,5451
Q55EUPC,1157,5435
7RSRUBC,1075,5417
"A=)),24",1145,5413
A:31C/.,796,5399
R4MUWZR,1322,5346
¶B.G9UF,1328,5266
AX6MUMV,907,5258
A.7G$NR,1028,5247
A=U&@Q8,1130,5208
3RMFT7B,1110,5105
¶>YM*M3,1157,5093
4MD9D2J,487,5075
*$;A{VG,755,5047
K5N94S8,1169,5035
*;;=:.S,934,4930
^(?UHNH,853,4927
¶)V4TG9,1257,4926
EHTHQWM,1320,4908
948S47B,1148,4875
A=NW#{X,778,4845
JRNJQC5,942,4800
4GESU5U,1563,4759
A:1>]#P,809,4744
A:-(#N#,1162,4738
^QT[|+O,1181,4727
¶IFI^MP,975,4721
WFPDW5U,1171,4681
"^N,_7&3",1212,4656
XQNGSMV,806,4601
PQTPTRF,889,4585
^VEG3DN,926,4542
FS8Y4VJ,952,4527
A:@.|?W,1152,4518
^!3;PK3,497,4495
^C]$+?V,1005,4465
QNKMVGJ,604,4458
ESG8RE8,708,4420
^Q#+JHL,477,4394
A.I1Q5;,1489,4368
NMK5WX6,615,4233
4DUUUQ5,935,4222
A¶_8M4[,1155,4221
*#9!LNB,709,4161
A=P<T//,952,4144
^3?-Q8F,703,4119
AETKFFM,612,4107
3XTXU7B,912,4097
¶TM756T,1282,4085
"^1:X,)1",1141,4062
FCQURA2,1056,4034
A=¶Y<&D,965,4015
A=*GYG8,755,3987
A=>KL_@,799,3985
A:LKJMD,1307,3975
A.3C9@Z,984,3902
YYN8R61,693,3893
J4S9YBC,1088,3840
A:31C]7,608,3763
A=2(H9E,1098,3730
RTSQQS8,1052,3718
^+H¶R>E,898,3711
^*K(R|V,992,3710
GJTSUGJ,505,3709
A=U|[XZ,783,3703
A==6Z*Q,829,3669
^GM6WD2,429,3658
GFXW49E,565,3646
A:}_O](,985,3593
WQPKTQ5,870,3588
A:1¶?/>,745,3582
A:GX+)¶,1457,3579
PECC4HQ,1096,3556
A:X5VH:,1016,3523
*/0?Y(T,810,3513
XQWWU7B,901,3500
A:&/BGH,987,3393
A.I1Q9#,1138,3385
¶P?(+QA,765,3384
A.G{1-K,924,3369
^BWK{O5,942,3365
A:V[({#,769,3347
*)BE+NA,1083,3312
2EQQTGJ,833,3311
^©(#9EG,939,3302
A=Q#I9C,793,3287
QSTJSPC,602,3271
"A:D:,Q©",787,3268
WHPQWQ5,1053,3244
^U¶#YHG,823,3237
^MO@K.4,895,3231
^@GR7{F,764,3214
A:[¶V=N,706,3190
^*?B<)S,993,3164
^KA=9XE,1227,3107
A:[>{P6,919,3080
¶9+U.Y9,586,3075
A:]78{>,858,3001
"A.7(,.W",877,2993
JQ9RSRF,805,2888
K8Q5RS8,906,2876
A=EMX*8,620,2835
Q3HPD1M,534,2791
A:>9$H?,727,2786
A=(X7+E,836,2736
A.5DKH¶,1206,2732
A=1S)*G,689,2723
*!8[{90,916,2709
A.EI:#M,1013,2701
A:>O?(H,576,2675
2K3WTS8,830,2656
"A¶,^*BZ",649,2598
QMRDUE8,743,2595
¶-Z9H0C,835,2566
A=+4KQO,1543,2559
^}V#;}F,823,2513
9DPX4RF,836,2488
PWY4QC5,848,2476
¶AL;{-L,739,2471
A:UZ-M7,872,2470
A={|JV4,692,2442
A:H95BI,884,2411
A:|©J>©,762,2327
7KFJT4W,924,2302
¶4])G?H,685,2269
^$V?DO6,736,2255
A.G-12X,610,2236
A=>P($K,727,2175
GPDT4BC,657,2175
^!&¶[6P,757,2152
ADN581M,440,2143
A=O}3W{,564,2138
¶=EE/]Z,745,2135
A=+H.{|,596,2099
A:|WEVO,715,2073
A:F52-D,815,2072
A¶©:PXK,724,2062
A:}N_W5,423,2050
A.K[*DH,622,2047
^ZZBG¶L,627,2013
"A¶,L5+H",850,1975
R5X5SDF,594,1950
A=@L¶+$,345,1844
D5UWDE8,406,1838
A=NL::<,991,1800
¶G)3(GO,686,1793
¶B2X>&7,451,1768
^FF*(63,581,1766
A¶_F98;,794,1753
"^81,Z¶S",268,1751
SNDY4X6,642,1721
K9CSSGJ,612,1720
A.O7C3*,722,1693
9SPJVT9,385,1690
"A.A^,2)",1100,1676
¶J|©1MM,678,1674
A¶.¶$*[,497,1659
¶G-?GB3,701,1658
YWHRSUX,426,1629
A:*MFDP,360,1607
¶T3S}JT,498,1584
^@7]©D3,608,1580
A.3!©M#,413,1565
A=E|3;@,544,1552
A¶;PS!A,680,1548
A.4©|;P,569,1515
A.Y<8|[,678,1513
CPNWSFM,530,1506
"A.A^,)6",1002,1502
A¶_F9JQ,734,1494
XFEPU5U,890,1484
A.A^.?.,1016,1476
A.27FG©,537,1472
A.?#^Q@,657,1465
*?F72GD,565,1440
^|#<5}Z,649,1435
^BHL>:L,455,1418
A=DOT{:,758,1415
^@A}K/0,533,1407
¶CP:E0L,711,1406
"A:,9:T¶",535,1403
¶0QUQ#5,579,1398
"A¶,<:LS",506,1394
¶WD_0*7,364,1385
A:3$/=1,921,1361
A:Q5Y|¶,588,1342
A:OBQ=Z,604,1320
YKC8SX6,687,1319
A:¶7RK©,335,1310
¶9S<|ZI,574,1297
A:Q¶O<I,525,1292
A.A^^[_,930,1282
"A.A^,^)",869,1237
A=+N9U¶,517,1234
A:O4?OP,308,1231
A=N6:R$,594,1223
¶Q:;}MH,721,1195
A.P3{WW,486,1176
A.:(6/$,502,1170
A:}(>EC,300,1147
QKJYQ9E,429,1129
A.<M@9T,783,1118
*]./RG7,179,1075
A::?T$_,376,1042
^?FBI05,519,1029
A=*Z@;@,555,1027
A:H&6EP,504,1025
^<=T024,479,1017
A¶;O-©{,310,1008
^W=©95V,455,1006
NK854WM,652,1003
A.-2(Z},445,999
A.*MY&&,510,999
¶*4/>3I,450,968
RBJYW84,591,952
A.=6!(&,534,942
A¶#©Y}G,411,933
"A:_;8,>",363,926
^HNM>)S,506,919
A.YVZUV,371,913
¶¶/4.!1,336,876
A=U©[T@,574,855
^©OPKW4,417,854
A.A^^T{,681,851
¶69=&¶U,373,845
A=$$P(@,523,834
"A.A^,BD",634,825
^B;*0@E,263,821
A.1*E{N,303,812
A.9!}2<,423,805
A.=6![I,511,803
A:Z/UDW,380,749
"A¶,<^(0",355,747
A:2^;=/,454,740
¶R$C;C2,492,737
A:SG)&L,319,733
A.-PHS1,430,716
A:_;G0©,375,714
7YJKVS8,230,701
^.V{*?1,354,697
A.G0**?,391,695
A.&D-MS,398,693
Q5T9Q3Q,177,689
A¶_F9T{,410,683
A.QN|{T,266,681
A=EW|7B,446,671
"^@D]*,7",341,653
A.L;V8<,441,641
A.RXKS8,402,641
¶X*..[9,399,640
A=X-©$0,342,579
A.0PG@¶,295,571
2GR6TPC,285,555
A=00¶N3,279,551
967XUNA,267,532
A.&P_TD,312,523
A:++=E©,305,510
A.@{&QY,335,508
¶57^Z-H,236,483
67QP42J,308,482
A.*)^(@,314,460
^@88T/3,199,460
A.}©9P[,358,453
A.Y]1J|,264,444
A.NH)OC,236,442
JRCUV61,85,418
2R9RDNA,140,402
A=QOO:_,246,402
A:X)[K3,251,401
WBNYYRF,54,400
A.BV9V],218,394
XBWWUUX,241,389
A.RN7?7,266,386
A:OKU)2,210,382
A.{}<K8,197,381
"A.@¶W,K",205,369
A:9[9*<,172,368
A.LA;RM,198,366
A.YPGUE,258,365
A.S|C5@,242,358
A.]X1JH,221,351
MMGWUGJ,248,350
A=2>T.;,174,344
A.C/E^1,193,331
A:G}1TQ,233,329
PDYCUC5,247,319
A.4N#0A,119,308
A.8;6YU,226,302
A.DGIC>,225,301
"A=©KB9,",105,294
A.PJ^U!,233,291
A.^$VDX,206,288
A::8).*,87,287
*#U:|!Q,167,276
A=>ZEFR,168,276
A.U|;^_,212,274
466TDYM,212,270
A.D#©G-,197,265
A=QY¶UC,154,264
¶C+=3{M,219,263
A.FONZO,176,261
^]2A3)B,188,260
A.UZ?ZV,199,259
A./K+FO,173,258
A.C>@PI,191,257
PWWMU1M,219,257
A:<X/©$,172,257
A:)/++6,168,253
A.U©FIM,208,253
A.X#&JV,174,251
A.HB:)H,207,244
A:K$SEZ,190,237
A.?+|/5,163,231
ATW6SPC,108,230
E6TWYZR,62,223
A.W@*CU,182,221
KREQW61,44,221
NTEQT7B,198,219
A=Z;#!P,20,214
^W>9!AR,124,211
9NQFYQ5,173,211
A.*<|D{,154,210
A.V6+Z=,164,209
A:XEPJ9,124,209
A.}A#5^,148,208
A=PZ¶-L,135,205
A.US=OC,155,203
A.=LV07,155,202
KRWTQRF,171,201
A.59-3G,139,200
A=<Q<=¶,143,198
A./N]0V,105,195
A:L{^)7,141,190
"A=¶:,@[",136,187
"A.(/,A8",146,187
6X3CD5U,115,183
WYPFRYM,145,183
A:2^;*T,153,181
EFWSVFM,83,181
R4KUVT9,145,180
A.ZEK4{,165,179
7HTHRGJ,146,178
JHKKTT9,129,177
A.<]_|0,132,172
A.U9?}J,151,171
A=KTX-D,58,170
A==J^@2,135,170
A.UT/0_,119,167
A=F2CSL,132,166
A.E$WB0,148,164
A.^©NWV,122,163
A:_XF©2,110,161
A.-W)>],110,157
A.U9?.K,130,155
"A,20{_S",125,155
A.R*©:X,131,153
A:.T]¶=,112,151
A.*[<5¶,113,150
A:RZ#<T,134,149
QYSR4BC,111,143
A.XIFJE,117,142
A.^8X}¶,122,142
PPKU4JV,108,141
HN37WQ5,110,141
A.|}8L©,117,141
A.W20.Z,86,141
A¶&([YR,108,141
A.7/LA],93,139
ECTKRRF,96,138
^.U[KT3,117,135
A=?©#U_,50,134
A:M^VH8,108,133
RNKSQHQ,94,133
FWF9QGJ,8,130
A.XY.TY,106,128
A.QK:]5,113,127
A.CBZV!,103,126
"A.T!2],",100,126
A:[}[?<,100,125
A.C[:I/,101,124
"A,1{+D@",107,124
A.L<]*9,104,123
A.^>/.:,104,122
"A.B,NCL",99,121
A.Y;L©E,71,120
A:-MID),93,119
^?F5]Q4,94,118
A.LA>GZ,91,117
A.C?&D=,104,117
A.S@3[2,86,115
A=TY¶GH,92,115
^C3K#WS,77,114
^K#!WCM,88,113
A.E#P7M,97,112
A.C}<7],86,111
A.P*5C3,82,111
A.U_1D-,101,110
A.^RT}/,101,110
HWFYSMV,92,110
A.>!1.W,93,108
A=2?ZTP,76,107
A.*F©5J,81,105
A.5-3EA,91,103
A.V6K][,94,103
A.O^F/N,92,103
2BRTSGJ,12,102
A:T{Z49,87,102
A:_+Z3D,90,100
"A:D:,C>",70,100
A.XY)©!,86,98
NBJGRNA,81,98
A=^<.TT,77,96
"A.@8AT,",72,95
"A.*F&2,",83,95
A.UC&1A,73,94
2ET6RNA,74,94
A.¶.2©<,82,94
A.2HI-A,64,93
A:MDWOJ,72,92
8STWSE8,84,91
A.T??A},84,90
A.{RI1),73,89
XWHWDX6,10,89
A.S3MMX,65,89
A:.DX0=,65,87
"A,1@G&>",78,86
A.DJ*^6,69,85
A=KTXXU,41,84
APYRN61,63,84
3SHUYT9,65,83
"A,1©I[P",68,81
A=(;GZS,14,81
A.XT-?6,69,80
A.*)¶B.,60,80
A.{$=OE,71,80
ACC9ZWM,68,80
A.*&5Q_,65,79
A.U70@D,68,78
A.*[$©H,60,78
A:287HS,58,77
A.USQYL,70,77
A.US.[},65,76
A.¶S©)X,65,76
"A,0${$(",68,76
A==I©ZM,62,75
A.UQ6L<,51,73
A.V5@.W,61,72
A./OY3©,58,72
¶3?WKAI,65,71
A.UPJ=K,51,71
A.^LSNF,57,70
A.{#H#Y,64,70
MQT5VUX,66,70
A.X&$ET,52,69
A.7-YL*,52,69
A:>VK>5,49,69
A=#OFV7,59,69
A.OG!:I,55,68
A.2QBQH,59,68
A.}H¶-^,56,67
"A.,@T^¶",58,67
A.UDXDD,50,65
A.D10O],59,65
A=7?_7I,52,64
A.JSQ!{,54,64
A.C?*X@,47,63
A./QU2M,56,63
^¶C?->C,54,63
A.#©6*B,51,62
A=#¶D8D,31,62
"A,1.FM<",52,62
A.R0)^#,50,62
A.U_FVA,51,61
A.SV3?),47,61
"A.QLOF,",43,61
A.C/_KR,53,61
"A,1)O#I",49,61
A.C©!O[,50,61
A:[090R,25,61
A==J©WM,47,60
"A,2MF]2",42,60
A.?+V74,53,59
A=F26*W,54,59
A.^8U+N,49,58
A.*/#VQ,52,58
A=3S}S*,43,58
A:)C+|I,28,57
A.UD1V[,40,56
"A.TR,+8",49,56
A.P2?W|,51,55
A.{WBK!,47,55
A.H¶#?>,47,54
A.UZV}Y,45,54
"A.B!Z!,",47,53
A.(]];X,43,53
A:4¶OKD,43,53
A.^$4R{,47,53
MHPTW9E,49,53
A¶@{P#N,45,52
¶M/9+BN,43,52
"A,08|Z2",42,52
A.V}8#=,45,50
A.^[TX[,45,50
A:)O_J_,23,50
A.36HT^,40,50
"A:5EI[,",48,50
A.CEY=J,45,49
A:?#JGT,42,49
"A.S,;+D",42,49
A3QKKS8,37,49
A.BCO]2,36,48
A.T/81!,38,48
A=¶81^-,19,48
A=N@P;1,39,47
"A,05]F/",43,47
"A,2X@N=",39,47
"A,2N480",30,46
A.*J>:],37,46
A.^L43$,39,46
A.GY2;I,42,46
A.R{D©E,39,46
A.YZ!<;,43,45
A.U=@NO,36,45
A.S*)17,28,45
A.*7K}4,40,43
A:[WQT.,31,43
A=:L(/6,40,43
A=6&<:?,31,43
A:-¶<|I,40,43
"A.$U,&Y",39,43
A.S¶!QN,38,42
A.B&)P¶,37,42
¶]_*#}3,37,42
A.*3N9N,38,42
A.^25)V,39,41
PGW7RQ5,38,40
A.^1)Y],37,40
A.^L]P|,35,39
¶IPF@5R,32,39
A.U<S&(,36,39
A.*+C2=,32,39
"A.3J4L,",30,39
A:_#![=,36,39
A.F?NWG,35,38
"A.CEW,R",37,38
A.DHI.$,34,38
A.$U;QU,33,38
A.}(/C|,27,38
A./QO5$,33,38
A./|]PA,26,37
A.¶3?<H,35,37
A.^.?PM,32,37
APXKUE8,29,37
¶[WJS-3,30,37
A.9[U9F,29,37
A.V[J/5,31,36
A.*=V:),30,36
6PKXQWM,29,36
JWFSWMV,29,36
A=I[Q3G,29,36
A.N?G-},32,36
A:286Y$,26,36
A=#?}K&,33,35
A:_<I!2,27,35
A.3)|#1,27,35
A.R]J_<,31,35
A.F}=?Z,31,35
A:/>¶3V,30,35
A.*=X}¶,27,35
A=N]8XP,27,34
"A,0SJIC",27,34
A.=6^19,24,34
"A,2D}*}",32,34
A.&12M¶,32,34
A=<4;!R,29,34
A.^>X7L,24,33
A.UZ((H,29,33
A.-@9}N,30,33
A.S!_N¶,28,33
A==GP<6,30,33
A.BXWM2,27,33
A.U=?7Z,31,32
A.>|BY>,30,32
"A,2;])0",31,32
A.U<<8S,26,32
A:>6X17,21,31
"A,0)SGS",30,31
A.{625#,28,30
A:@2U|0,28,30
"A,29&}2",21,30
A:DYOFT,29,30
A=3TCC#,25,30
A:(0¶?9,22,30
A.DHL9M,23,29
A=(;E*D,14,29
A.6Y;Z/,26,29
A.|_XD7,25,29
A.UDWS7,26,29
"A:[¶,HJ",22,29
"A,213)1",25,28
A.(0(J*,23,28
"A:=C@K,",19,28
A.F:|X@,24,27
A¶&V1EU,21,27
A.¶3*-4,21,27
A.:¶-IG,26,27
"A,2)!{(",26,27
A.^[T{7,24,26
"A,2)©T_",20,26
A.W?NU0,25,26
A.^-@?_,21,26
"A,2W#R9",25,26
A.D48$),20,26
"A,213*G",22,26
"A,1II*>",25,26
A.*[>@4,23,26
A.U^K)A,24,26
A.¶#©&/,23,25
A.{$/(5,24,25
A.UD(KC,23,25
"A,1W6@=",21,25
A.UC=_A,22,24
"A,1UL43",23,24
A.}©+$G,22,23
A=|5*¶&,3,23
5JEKRA2,2,23
XR5FW79,6,22
SJSUUWM,21,22
QKFQU5U,16,22
A.UA$N(,20,22
A.P0-]J,18,21
¶>DHXKA,20,21
"A,202#6",20,21
A=$*I[*,18,21
^E{NK+I,20,21
A.X]$3),19,20
A:ORUMZ,2,20
A.B!<A^,16,20
A./<Z0¶,19,20
A.;Z?WH,17,20
A.^IT8},17,20
A.XZ=(1,20,20
WYHQQWM,18,20
5KPMS9E,15,19
A.B;3E_,16,19
A.V¶P5@,17,19
A.5-M=M,17,19
A.#X©U),15,19
EQWER3Q,13,18
^V|ZM69,9,18
"A,1.!:K",18,18
"A.U);,^",18,18
A=9I=7H,9,18
A.CFN}X,17,17
A.=W!W.,16,17
A.(L^?A,17,17
A:SG<&M,12,17
"A.Y+Z,=",16,17
A.¶B05<,15,17
A.UDPI7,16,16
A:[?OSH,16,16
A=*_!DU,13,16
A.*[-*:,16,16
A.©V-$U,13,16
A=TV]¶<,16,16
A.E@>88,14,16
A.T^©3?,15,16
A.C2¶^Y,14,16
A=+G^+N,16,16
A.S9{]H,12,14
"A.^,H(!",12,14
A.P6-FL,13,14
9X3GTZR,14,14
A:_J[1<,11,14
A:=W;|.,11,14
KF9GRBC,14,14
"A,3BU:8",11,14
"A,1UX/6",13,13
A.D+;(J,12,13
A.FO6QP,13,13
^!|OBUT,4,13
A.LR6X[,12,13
"A,1>[QJ",12,12
SDSRR84,12,12
A.©0Z)>,10,12
A.IYL0J,12,12
A=AH.:E,10,12
AYDXJ1M,6,12
A.US^/E,11,12
A.7UJ2),11,12
A.}<.I|,12,12
"A,2#RHH",10,12
A.XY*M^,10,12
A.{95CP,10,11
A.+#2#E,11,11
A.&51@C,11,11
PN7MSPC,11,11
A.@LT!@,10,11
YKNNWQ5,10,10
A:#_VK1,9,10
A.-F5LP,10,10
YR8GRT9,2,10
RQPNWYM,10,10
A.^>XG/,10,10
A:#T<>8,8,10
¶4(!^&R,2,10
A=;J-0J,9,10
A.$R5/Z,10,10
"A,1@CEY",9,10
A.B@-E©,10,10
"A:438-,",9,10
RYCCVDF,6,10
A=M7=I),7,10
"A,2XE:S",9,9
A:L{!WK,9,9
A./HRE;,9,9
A.U4>XB,6,9
AK6FWZR,7,9
^B836NQ,1,9
A.T.UO[,9,9
A.V;V@B,7,9
A=<_9K5,9,9
JK3JWE8,5,8
A.DEH5E,5,8
A.5P.9E,8,8
A.¶^9{M,8,8
A.UA93^,8,8
A.U4U}O,7,8
P5CNV7B,1,8
A.XA/?S,7,8
"^&!I,^9",8,8
"A:2A¶7,",5,7
A.^/TE?,6,7
^H^^M.B,7,7
A:-I_MB,4,7
A./|}GJ,7,7
"A=DB!6,",3,7
RJSF4E8,1,7
A:84:AG,7,7
A:GGYT$,7,7
^A90T$4,6,7
3GGSR4W,6,6
"A¶:,K:S",2,6
A.UP]0©,6,6
A.{!FCC,5,6
A.^8SR>,6,6
RDTKW7B,6,6
A.;Z©.@,5,6
A:8]>H+,6,6
A:_]N)=,6,6
A.U:*$=,5,5
A:_J[@Q,5,5
A=:)C|2,5,5
A=;]7Z?,5,5
A.<L92(,5,5
A:#|RWY,5,5
DEMO_3Q,4,5
A.1>$[D,5,5
A.9F4>^,5,5
AF4WN1M,3,5
A.DQ&>7,3,5
"A,0)UY[",5,5
A:E:X-$,4,4
A.¶4$;T,3,4
A.F©:!_,4,4
A:]78C;,3,4
"A,1F0-2",4,4
A=¶Y|3L,1,4
A.&M{H6,3,4
A.¶#N&N,4,4
NN5SRKA,4,4
A:E*/9#,4,4
"A=9J4,$",4,4
YPWHRWM,3,4
A.AAKH@,4,4
2FT44JV,4,4
XPRRD9E,3,4
A:}><FV,3,4
A.Y+T>E,4,4
A.3L}¶Z,3,3
QK8PWS8,3,3
A.T/.X©,3,3
A.¶^9SO,3,3
A.H+Z.},3,3
"A,20297",2,3
A.?G&#G,3,3
A.CEW}>,3,3
A:5TR.),3,3
NNQ6TQ5,2,3
A.$YS$H,3,3
A=!M_8C,3,3
A=!9#/$,3,3
ARMYEVJ,1,3
A:#7<2H,2,3
A.RKP0[,2,3
A.E<(L@,2,3
A.{!)7P,1,2
A:?#JS#,2,2
"A.8!,62",2,2
A.G-+V6,2,2
A.(]^ZU,2,2
A=LF6B*,1,2
DQ4CD9E,2,2
WX4NTC5,1,2
"A=@|H,}",2,2
A:#|+5},2,2
"A,1)9U4",2,2
A.©-27@,2,2
A:#:3>S,2,2
QEWHW7B,1,2
A.)7!JN,2,2
A:ANP&-,2,2
A:92)={,1,2
A.=9O<T,2,2
DRPCST9,1,2
4TY8YX6,1,2
7DFXTGJ,2,2
A=F2B8-,1,2
A.TF1}$,2,2
A=}LL©L,1,2
N6Y9DWM,1,1
A.(@?)=,1,1
A.)O>Y!,1,1
A.*+1LI,1,1
¶NW:/?7,1,1
A.*+CDS,1,1
SQSMURF,1,1
JXSRQYM,1,1
A=[FR;J,1,1
A:;Y;-+,1,1
A.]<|?@,1,1
"A:,VT((",1,1
¶}MC]<7,1,1
A.{JDE7,1,1
A.JG9¶W,1,1
^!Y3©&F,1,1
A.IYWI9,1,1
A:-PS#©,1,1
A.Z$A|2,1,1
A.©;M6:,1,1
A.B0}[.,1,1
A.2|PA[,1,1
A=N]A41,1,1
"A.36$D,",1,1
A.F2==L,1,1
A.F2:2),1,1
A.A>8)V,1,1
A:G];GB,1,1
A:N@*(2,1,1
A:QR^1D,1,1
45QGDC5,1,1
A:©W./©,1,1
A:=4<3!,1,1
